<?xml version="1.0" encoding="UTF-8"?>
<!DOCTYPE suite SYSTEM "http://testng.org/testng-1.0.dtd">
<suite name="B2B Online Store">

	<!-- parallel="methods" thread-count="4" -->
	<listeners>
		<listener class-name="EnvirnomentSetup.listeners" />
		<listener class-name="Resources.ExtentReporterNG" />
	</listeners>
	
	<tests>
	
	   <!-- <test name="Price Verification">
			<classes>
				<class name="TestCases.OTCOM_PriceVerificationTestCase"/>
			</classes>
		</test> --> 
		
		
	</tests>
</suite> 
